number,codepoint,utf,shortname
1,U+1F600,ğŸ˜€,:grinning-face:
2,U+1F601,ğŸ˜,:beaming-face-with-smiling-eyes:
3,U+1F602,ğŸ˜‚,:face-with-tears-of-joy:
4,U+1F923,ğŸ¤£,:rolling-on-the-floor-laughing:
5,U+1F603,ğŸ˜ƒ,:grinning-face-with-big-eyes:
6,U+1F604,ğŸ˜„,:grinning-face-with-smiling-eyes:
7,U+1F605,ğŸ˜…,:grinning-face-with-sweat:
8,U+1F606,ğŸ˜†,:grinning-squinting-face:
9,U+1F609,ğŸ˜‰,:winking-face:
10,U+1F60A,ğŸ˜Š,:smiling-face-with-smiling-eyes:
11,U+1F60B,ğŸ˜‹,:face-savoring-food:
12,U+1F60E,ğŸ˜,:smiling-face-with-sunglasses:
13,U+1F60D,ğŸ˜,:smiling-face-with-heart-eyes:
14,U+1F618,ğŸ˜˜,:face-blowing-a-kiss:
15,U+1F970,ğŸ¥°,:smiling-face-with-3-hearts:
16,U+1F617,ğŸ˜—,:kissing-face:
17,U+1F619,ğŸ˜™,:kissing-face-with-smiling-eyes:
18,U+1F61A,ğŸ˜š,:kissing-face-with-closed-eyes:
19,U+263A,ğŸ˜Š,:smiling-face:
20,U+1F642,ğŸ™‚,:slightly-smiling-face:
21,U+1F917,ğŸ¤—,:hugging-face:
22,U+1F929,ğŸ¤©,:star-struck:
23,U+1F914,ğŸ¤”,:thinking-face:
24,U+1F928,ğŸ¤¨,:face-with-raised-eyebrow:
25,U+1F610,ğŸ˜,:neutral-face:
26,U+1F611,ğŸ˜‘,:expressionless-face:
27,U+1F636,ğŸ˜¶,:face-without-mouth:
28,U+1F644,ğŸ™„,:face-with-rolling-eyes:
29,U+1F60F,ğŸ˜,:smirking-face:
30,U+1F623,ğŸ˜£,:persevering-face:
31,U+1F625,ğŸ˜¥,:sad-but-relieved-face:
32,U+1F62E,ğŸ˜®,:face-with-open-mouth:
33,U+1F910,ğŸ¤,:zipper-mouth-face:
34,U+1F62F,ğŸ˜¯,:hushed-face:
35,U+1F62A,ğŸ˜ª,:sleepy-face:
36,U+1F62B,ğŸ˜«,:tired-face:
37,U+1F634,ğŸ˜´,:sleeping-face:
38,U+1F60C,ğŸ˜Œ,:relieved-face:
39,U+1F61B,ğŸ˜›,:face-with-tongue:
40,U+1F61C,ğŸ˜œ,:winking-face-with-tongue:
41,U+1F61D,ğŸ˜,:squinting-face-with-tongue:
42,U+1F924,ğŸ¤¤,:drooling-face:
43,U+1F612,ğŸ˜’,:unamused-face:
44,U+1F613,ğŸ˜“,:downcast-face-with-sweat:
45,U+1F614,ğŸ˜”,:pensive-face:
46,U+1F615,ğŸ˜•,:confused-face:
47,U+1F643,ğŸ™ƒ,:upside-down-face:
48,U+1F911,ğŸ¤‘,:money-mouth-face:
49,U+1F632,ğŸ˜²,:astonished-face:
50,U+2639,â˜¹ï¸,:frowning-face:
51,U+1F641,ğŸ™,:slightly-frowning-face:
52,U+1F616,ğŸ˜–,:confounded-face:
53,U+1F61E,ğŸ˜,:disappointed-face:
54,U+1F61F,ğŸ˜Ÿ,:worried-face:
55,U+1F624,ğŸ˜¤,:face-with-steam-from-nose:
56,U+1F622,ğŸ˜¢,:crying-face:
57,U+1F62D,ğŸ˜­,:loudly-crying-face:
58,U+1F626,ğŸ˜¦,:frowning-face-with-open-mouth:
59,U+1F627,ğŸ˜§,:anguished-face:
60,U+1F628,ğŸ˜¨,:fearful-face:
61,U+1F629,ğŸ˜©,:weary-face:
62,U+1F92F,ğŸ¤¯,:exploding-head:
63,U+1F62C,ğŸ˜¬,:grimacing-face:
64,U+1F630,ğŸ˜°,:anxious-face-with-sweat:
65,U+1F631,ğŸ˜±,:face-screaming-in-fear:
66,U+1F975,ğŸ¥µ,:hot-face:
67,U+1F976,ğŸ¥¶,:cold-face:
68,U+1F633,ğŸ˜³,:flushed-face:
69,U+1F92A,ğŸ¤ª,:zany-face:
70,U+1F635,ğŸ˜µ,:dizzy-face:
71,U+1F621,ğŸ˜¡,:pouting-face:
72,U+1F620,ğŸ˜ ,:angry-face:
73,U+1F92C,ğŸ¤¬,:face-with-symbols-on-mouth:
74,U+1F637,ğŸ˜·,:face-with-medical-mask:
75,U+1F912,ğŸ¤’,:face-with-thermometer:
76,U+1F915,ğŸ¤•,:face-with-head-bandage:
77,U+1F922,ğŸ¤¢,:nauseated-face:
78,U+1F92E,ğŸ¤®,:face-vomiting:
79,U+1F927,ğŸ¤§,:sneezing-face:
80,U+1F607,ğŸ˜‡,:smiling-face-with-halo:
81,U+1F920,ğŸ¤ ,:cowboy-hat-face:
82,U+1F973,ğŸ¥³,:partying-face:
83,U+1F974,ğŸ¥´,:woozy-face:
84,U+1F97A,ğŸ¥º,:pleading-face:
85,U+1F925,ğŸ¤¥,:lying-face:
86,U+1F92B,ğŸ¤«,:shushing-face:
87,U+1F92D,ğŸ¤­,:face-with-hand-over-mouth:
88,U+1F9D0,ğŸ§,:face-with-monocle:
89,U+1F913,ğŸ¤“,:nerd-face:
90,U+1F608,ğŸ˜ˆ,:smiling-face-with-horns:
91,U+1F47F,ğŸ‘¿,:angry-face-with-horns:
92,U+1F921,ğŸ¤¡,:clown-face:
93,U+1F479,ğŸ‘¹,:ogre:
94,U+1F47A,ğŸ‘º,:goblin:
95,U+1F480,ğŸ’€,:skull:
96,U+2620,â˜ ,:skull-and-crossbones:
97,U+1F47B,ğŸ‘»,:ghost:
98,U+1F47D,ğŸ‘½,:alien:
99,U+1F47E,ğŸ‘¾,:alien-monster:
100,U+1F916,ğŸ¤–,:robot-face:
101,U+1F4A9,ğŸ’©,:pile-of-poo:
102,U+1F63A,ğŸ˜º,:grinning-cat-face:
103,U+1F638,ğŸ˜¸,:grinning-cat-face-with-smiling-eyes:
104,U+1F639,ğŸ˜¹,:cat-face-with-tears-of-joy:
105,U+1F63B,ğŸ˜»,:smiling-cat-face-with-heart-eyes:
106,U+1F63C,ğŸ˜¼,:cat-face-with-wry-smile:
107,U+1F63D,ğŸ˜½,:kissing-cat-face:
108,U+1F640,ğŸ™€,:weary-cat-face:
109,U+1F63F,ğŸ˜¿,:crying-cat-face:
110,U+1F63E,ğŸ˜¾,:pouting-cat-face:
111,U+1F648,ğŸ™ˆ,:see-no-evil-monkey:
112,U+1F649,ğŸ™‰,:hear-no-evil-monkey:
113,U+1F64A,ğŸ™Š,:speak-no-evil-monkey:
114,U+1F476,ğŸ‘¶,:baby:
115,U+1F9D2,ğŸ§’,:child:
116,U+1F466,ğŸ‘¦,:boy:
117,U+1F467,ğŸ‘§,:girl:
118,U+1F9D1,ğŸ§‘,:person:
119,U+1F471,ğŸ‘±,:person;-blond-hair:
120,U+1F468,ğŸ‘¨,:man:
121,U+1F471 U+200D U+2642 U+FE0F,ğŸ‘±â€â™‚ï¸,:man;-blond-hair:
122,U+1F468 U+200D U+1F9B0,ğŸ‘¨â€ğŸ¦°,:man;-red-hair:
123,U+1F468 U+200D U+1F9B1,ğŸ‘¨â€ğŸ¦±,:man;-curly-hair:
124,U+1F468 U+200D U+1F9B3,ğŸ‘¨â€ğŸ¦³,:man;-white-hair:
125,U+1F468 U+200D U+1F9B2,ğŸ‘¨â€ğŸ¦²,:man;-bald:
126,U+1F9D4,ğŸ§”,:man;-beard:
127,U+1F469,ğŸ‘©,:woman:
128,U+1F471 U+200D U+2640 U+FE0F,ğŸ‘±â€â™€ï¸,:woman;-blond-hair:
129,U+1F469 U+200D U+1F9B0,ğŸ‘©â€ğŸ¦°,:woman;-red-hair:
130,U+1F469 U+200D U+1F9B1,ğŸ‘©â€ğŸ¦±,:woman;-curly-hair:
131,U+1F469 U+200D U+1F9B3,ğŸ‘©â€ğŸ¦³,:woman;-white-hair:
132,U+1F469 U+200D U+1F9B2,ğŸ‘©â€ğŸ¦²,:woman;-bald:
133,U+1F9D3,ğŸ§“,:older-person:
134,U+1F474,ğŸ‘´,:old-man:
135,U+1F475,ğŸ‘µ,:old-woman:
136,U+1F468 U+200D U+2695 U+FE0F,ğŸ‘¨â€âš•ï¸,:man-health-worker:
137,U+1F469 U+200D U+2695 U+FE0F,ğŸ‘©â€âš•ï¸,:woman-health-worker:
138,U+1F468 U+200D U+1F393,ğŸ‘¨â€ğŸ“,:man-student:
139,U+1F469 U+200D U+1F393,ğŸ‘©â€ğŸ“,:woman-student:
140,U+1F468 U+200D U+1F3EB,ğŸ‘¨â€ğŸ«,:man-teacher:
141,U+1F469 U+200D U+1F3EB,ğŸ‘©â€ğŸ«,:woman-teacher:
142,U+1F468 U+200D U+2696 U+FE0F,ğŸ‘¨â€âš–ï¸,:man-judge:
143,U+1F469 U+200D U+2696 U+FE0F,ğŸ‘©â€âš–ï¸,:woman-judge:
144,U+1F468 U+200D U+1F33E,ğŸ‘¨â€ğŸŒ¾,:man-farmer:
145,U+1F469 U+200D U+1F33E,ğŸ‘©â€ğŸŒ¾,:woman-farmer:
146,U+1F468 U+200D U+1F373,ğŸ‘¨â€ğŸ³,:man-cook:
147,U+1F469 U+200D U+1F373,ğŸ‘©â€ğŸ³,:woman-cook:
148,U+1F468 U+200D U+1F527,ğŸ‘¨â€ğŸ”§,:man-mechanic:
149,U+1F469 U+200D U+1F527,ğŸ‘©â€ğŸ”§,:woman-mechanic:
150,U+1F468 U+200D U+1F3ED,ğŸ‘¨â€ğŸ­,:man-factory-worker:
151,U+1F469 U+200D U+1F3ED,ğŸ‘©â€ğŸ­,:woman-factory-worker:
152,U+1F468 U+200D U+1F4BC,ğŸ‘¨â€ğŸ’¼,:man-office-worker:
153,U+1F469 U+200D U+1F4BC,ğŸ‘©â€ğŸ’¼,:woman-office-worker:
154,U+1F468 U+200D U+1F52C,ğŸ‘¨â€ğŸ”¬,:man-scientist:
155,U+1F469 U+200D U+1F52C,ğŸ‘©â€ğŸ”¬,:woman-scientist:
156,U+1F468 U+200D U+1F4BB,ğŸ‘¨â€ğŸ’»,:man-technologist:
157,U+1F469 U+200D U+1F4BB,ğŸ‘©â€ğŸ’»,:woman-technologist:
158,U+1F468 U+200D U+1F3A4,ğŸ‘¨â€ğŸ¤,:man-singer:
159,U+1F469 U+200D U+1F3A4,ğŸ‘©â€ğŸ¤,:woman-singer:
160,U+1F468 U+200D U+1F3A8,ğŸ‘¨â€ğŸ¨,:man-artist:
161,U+1F469 U+200D U+1F3A8,ğŸ‘©â€ğŸ¨,:woman-artist:
162,U+1F468 U+200D U+2708 U+FE0F,ğŸ‘¨â€âœˆï¸,:man-pilot:
163,U+1F469 U+200D U+2708 U+FE0F,ğŸ‘©â€âœˆï¸,:woman-pilot:
164,U+1F468 U+200D U+1F680,ğŸ‘¨â€ğŸš€,:man-astronaut:
165,U+1F469 U+200D U+1F680,ğŸ‘©â€ğŸš€,:woman-astronaut:
166,U+1F468 U+200D U+1F692,ğŸ‘¨â€ğŸš’,:man-firefighter:
167,U+1F469 U+200D U+1F692,ğŸ‘©â€ğŸš’,:woman-firefighter:
168,U+1F46E,ğŸ‘®,:police-officer:
169,U+1F46E U+200D U+2642 U+FE0F,ğŸ‘®â€â™‚ï¸,:man-police-officer:
170,U+1F46E U+200D U+2640 U+FE0F,ğŸ‘®â€â™€ï¸,:woman-police-officer:
171,U+1F575,ğŸ•µ,:detective:
172,U+1F575 U+FE0F U+200D U+2642 U+FE0F,ğŸ•µï¸â€â™‚ï¸,:man-detective:
173,U+1F575 U+FE0F U+200D U+2640 U+FE0F,ğŸ•µï¸â€â™€ï¸,:woman-detective:
174,U+1F482,ğŸ’‚,:guard:
175,U+1F482 U+200D U+2642 U+FE0F,ğŸ’‚â€â™‚ï¸,:man-guard:
176,U+1F482 U+200D U+2640 U+FE0F,ğŸ’‚â€â™€ï¸,:woman-guard:
177,U+1F477,ğŸ‘·,:construction-worker:
178,U+1F477 U+200D U+2642 U+FE0F,ğŸ‘·â€â™‚ï¸,:man-construction-worker:
179,U+1F477 U+200D U+2640 U+FE0F,ğŸ‘·â€â™€ï¸,:woman-construction-worker:
180,U+1F934,ğŸ¤´,:prince:
181,U+1F478,ğŸ‘¸,:princess:
182,U+1F473,ğŸ‘³,:person-wearing-turban:
183,U+1F473 U+200D U+2642 U+FE0F,ğŸ‘³â€â™‚ï¸,:man-wearing-turban:
184,U+1F473 U+200D U+2640 U+FE0F,ğŸ‘³â€â™€ï¸,:woman-wearing-turban:
185,U+1F472,ğŸ‘²,:man-with-Chinese-cap:
186,U+1F9D5,ğŸ§•,:woman-with-headscarf:
187,U+1F935,ğŸ¤µ,:man-in-tuxedo:
188,U+1F470,ğŸ‘°,:bride-with-veil:
189,U+1F930,ğŸ¤°,:pregnant-woman:
190,U+1F931,ğŸ¤±,:breast-feeding:
191,U+1F47C,ğŸ‘¼,:baby-angel:
192,U+1F385,ğŸ…,:Santa-Claus:
193,U+1F936,ğŸ¤¶,:Mrs.-Claus:
194,U+1F9B8,ğŸ¦¸,:superhero:
195,U+1F9B8 U+200D U+2640 U+FE0F,ğŸ¦¸â€â™€ï¸,:woman-superhero:
196,U+1F9B8 U+200D U+2642 U+FE0F,ğŸ¦¸â€â™‚ï¸,:man-superhero:
197,U+1F9B9,ğŸ¦¹,:supervillain:
198,U+1F9B9 U+200D U+2640 U+FE0F,ğŸ¦¹â€â™€ï¸,:woman-supervillain:
199,U+1F9B9 U+200D U+2642 U+FE0F,ğŸ¦¹â€â™‚ï¸,:man-supervillain:
200,U+1F9D9,ğŸ§™,:mage:
201,U+1F9D9 U+200D U+2640 U+FE0F,ğŸ§™â€â™€ï¸,:woman-mage:
202,U+1F9D9 U+200D U+2642 U+FE0F,ğŸ§™â€â™‚ï¸,:man-mage:
203,U+1F9DA,ğŸ§š,:fairy:
204,U+1F9DA U+200D U+2640 U+FE0F,ğŸ§šâ€â™€ï¸,:woman-fairy:
205,U+1F9DA U+200D U+2642 U+FE0F,ğŸ§šâ€â™‚ï¸,:man-fairy:
206,U+1F9DB,ğŸ§›,:vampire:
207,U+1F9DB U+200D U+2640 U+FE0F,ğŸ§›â€â™€ï¸,:woman-vampire:
208,U+1F9DB U+200D U+2642 U+FE0F,ğŸ§›â€â™‚ï¸,:man-vampire:
209,U+1F9DC,ğŸ§œ,:merperson:
210,U+1F9DC U+200D U+2640 U+FE0F,ğŸ§œâ€â™€ï¸,:mermaid:
211,U+1F9DC U+200D U+2642 U+FE0F,ğŸ§œâ€â™‚ï¸,:merman:
212,U+1F9DD,ğŸ§,:elf:
213,U+1F9DD U+200D U+2640 U+FE0F,ğŸ§â€â™€ï¸,:woman-elf:
214,U+1F9DD U+200D U+2642 U+FE0F,ğŸ§â€â™‚ï¸,:man-elf:
215,U+1F9DE,ğŸ§,:genie:
216,U+1F9DE U+200D U+2640 U+FE0F,ğŸ§â€â™€ï¸,:woman-genie:
217,U+1F9DE U+200D U+2642 U+FE0F,ğŸ§â€â™‚ï¸,:man-genie:
218,U+1F9DF,ğŸ§Ÿ,:zombie:
219,U+1F9DF U+200D U+2640 U+FE0F,ğŸ§Ÿâ€â™€ï¸,:woman-zombie:
220,U+1F9DF U+200D U+2642 U+FE0F,ğŸ§Ÿâ€â™‚ï¸,:man-zombie:
221,U+1F64D,ğŸ™,:person-frowning:
222,U+1F64D U+200D U+2642 U+FE0F,ğŸ™â€â™‚ï¸,:man-frowning:
223,U+1F64D U+200D U+2640 U+FE0F,ğŸ™â€â™€ï¸,:woman-frowning:
224,U+1F64E,ğŸ™,:person-pouting:
225,U+1F64E U+200D U+2642 U+FE0F,ğŸ™â€â™‚ï¸,:man-pouting:
226,U+1F64E U+200D U+2640 U+FE0F,ğŸ™â€â™€ï¸,:woman-pouting:
227,U+1F645,ğŸ™…,:person-gesturing-NO:
228,U+1F645 U+200D U+2642 U+FE0F,ğŸ™…â€â™‚ï¸,:man-gesturing-NO:
229,U+1F645 U+200D U+2640 U+FE0F,ğŸ™…â€â™€ï¸,:woman-gesturing-NO:
230,U+1F646,ğŸ™†,:person-gesturing-OK:
231,U+1F646 U+200D U+2642 U+FE0F,ğŸ™†â€â™‚ï¸,:man-gesturing-OK:
232,U+1F646 U+200D U+2640 U+FE0F,ğŸ™†â€â™€ï¸,:woman-gesturing-OK:
233,U+1F481,ğŸ’,:person-tipping-hand:
234,U+1F481 U+200D U+2642 U+FE0F,ğŸ’â€â™‚ï¸,:man-tipping-hand:
235,U+1F481 U+200D U+2640 U+FE0F,ğŸ’â€â™€ï¸,:woman-tipping-hand:
236,U+1F64B,ğŸ™‹,:person-raising-hand:
237,U+1F64B U+200D U+2642 U+FE0F,ğŸ™‹â€â™‚ï¸,:man-raising-hand:
238,U+1F64B U+200D U+2640 U+FE0F,ğŸ™‹â€â™€ï¸,:woman-raising-hand:
239,U+1F647,ğŸ™‡,:person-bowing:
240,U+1F647 U+200D U+2642 U+FE0F,ğŸ™‡â€â™‚ï¸,:man-bowing:
241,U+1F647 U+200D U+2640 U+FE0F,ğŸ™‡â€â™€ï¸,:woman-bowing:
242,U+1F926,ğŸ¤¦,:person-facepalming:
243,U+1F926 U+200D U+2642 U+FE0F,ğŸ¤¦â€â™‚ï¸,:man-facepalming:
244,U+1F926 U+200D U+2640 U+FE0F,ğŸ¤¦â€â™€ï¸,:woman-facepalming:
245,U+1F937,ğŸ¤·,:person-shrugging:
246,U+1F937 U+200D U+2642 U+FE0F,ğŸ¤·â€â™‚ï¸,:man-shrugging:
247,U+1F937 U+200D U+2640 U+FE0F,ğŸ¤·â€â™€ï¸,:woman-shrugging:
248,U+1F486,ğŸ’†,:person-getting-massage:
249,U+1F486 U+200D U+2642 U+FE0F,ğŸ’†â€â™‚ï¸,:man-getting-massage:
250,U+1F486 U+200D U+2640 U+FE0F,ğŸ’†â€â™€ï¸,:woman-getting-massage:
251,U+1F487,ğŸ’‡,:person-getting-haircut:
252,U+1F487 U+200D U+2642 U+FE0F,ğŸ’‡â€â™‚ï¸,:man-getting-haircut:
253,U+1F487 U+200D U+2640 U+FE0F,ğŸ’‡â€â™€ï¸,:woman-getting-haircut:
254,U+1F6B6,ğŸš¶,:person-walking:
255,U+1F6B6 U+200D U+2642 U+FE0F,ğŸš¶â€â™‚ï¸,:man-walking:
256,U+1F6B6 U+200D U+2640 U+FE0F,ğŸš¶â€â™€ï¸,:woman-walking:
257,U+1F3C3,ğŸƒ,:person-running:
258,U+1F3C3 U+200D U+2642 U+FE0F,ğŸƒâ€â™‚ï¸,:man-running:
259,U+1F3C3 U+200D U+2640 U+FE0F,ğŸƒâ€â™€ï¸,:woman-running:
260,U+1F483,ğŸ’ƒ,:woman-dancing:
261,U+1F57A,ğŸ•º,:man-dancing:
262,U+1F46F,ğŸ‘¯,:people-with-bunny-ears:
263,U+1F46F U+200D U+2642 U+FE0F,ğŸ‘¯â€â™‚ï¸,:men-with-bunny-ears:
264,U+1F46F U+200D U+2640 U+FE0F,ğŸ‘¯â€â™€ï¸,:women-with-bunny-ears:
265,U+1F9D6,ğŸ§–,:person-in-steamy-room:
266,U+1F9D6 U+200D U+2640 U+FE0F,ğŸ§–â€â™€ï¸,:woman-in-steamy-room:
267,U+1F9D6 U+200D U+2642 U+FE0F,ğŸ§–â€â™‚ï¸,:man-in-steamy-room:
268,U+1F9D7,ğŸ§—,:person-climbing:
269,U+1F9D7 U+200D U+2640 U+FE0F,ğŸ§—â€â™€ï¸,:woman-climbing:
270,U+1F9D7 U+200D U+2642 U+FE0F,ğŸ§—â€â™‚ï¸,:man-climbing:
271,U+1F9D8,ğŸ§˜,:person-in-lotus-position:
272,U+1F9D8 U+200D U+2640 U+FE0F,ğŸ§˜â€â™€ï¸,:woman-in-lotus-position:
273,U+1F9D8 U+200D U+2642 U+FE0F,ğŸ§˜â€â™‚ï¸,:man-in-lotus-position:
274,U+1F6C0,ğŸ›€,:person-taking-bath:
275,U+1F6CC,ğŸ›Œ,:person-in-bed:
276,U+1F574,ğŸ•´,:man-in-suit-levitating:
277,U+1F5E3,ğŸ—£,:speaking-head:
278,U+1F464,ğŸ‘¤,:bust-in-silhouette:
279,U+1F465,ğŸ‘¥,:busts-in-silhouette:
280,U+1F93A,ğŸ¤º,:person-fencing:
281,U+1F3C7,ğŸ‡,:horse-racing:
282,U+26F7,â›·,:skier:
283,U+1F3C2,ğŸ‚,:snowboarder:
284,U+1F3CC,ğŸŒ,:person-golfing:
285,U+1F3CC U+FE0F U+200D U+2642 U+FE0F,ğŸŒï¸â€â™‚ï¸,:man-golfing:
286,U+1F3CC U+FE0F U+200D U+2640 U+FE0F,ğŸŒï¸â€â™€ï¸,:woman-golfing:
287,U+1F3C4,ğŸ„,:person-surfing:
288,U+1F3C4 U+200D U+2642 U+FE0F,ğŸ„â€â™‚ï¸,:man-surfing:
289,U+1F3C4 U+200D U+2640 U+FE0F,ğŸ„â€â™€ï¸,:woman-surfing:
290,U+1F6A3,ğŸš£,:person-rowing-boat:
291,U+1F6A3 U+200D U+2642 U+FE0F,ğŸš£â€â™‚ï¸,:man-rowing-boat:
292,U+1F6A3 U+200D U+2640 U+FE0F,ğŸš£â€â™€ï¸,:woman-rowing-boat:
293,U+1F3CA,ğŸŠ,:person-swimming:
294,U+1F3CA U+200D U+2642 U+FE0F,ğŸŠâ€â™‚ï¸,:man-swimming:
295,U+1F3CA U+200D U+2640 U+FE0F,ğŸŠâ€â™€ï¸,:woman-swimming:
296,U+26F9,â›¹,:person-bouncing-ball:
297,U+26F9 U+FE0F U+200D U+2642 U+FE0F,â›¹ï¸â€â™‚ï¸,:man-bouncing-ball:
298,U+26F9 U+FE0F U+200D U+2640 U+FE0F,â›¹ï¸â€â™€ï¸,:woman-bouncing-ball:
299,U+1F3CB,ğŸ‹,:person-lifting-weights:
300,U+1F3CB U+FE0F U+200D U+2642 U+FE0F,ğŸ‹ï¸â€â™‚ï¸,:man-lifting-weights:
301,U+1F3CB U+FE0F U+200D U+2640 U+FE0F,ğŸ‹ï¸â€â™€ï¸,:woman-lifting-weights:
302,U+1F6B4,ğŸš´,:person-biking:
303,U+1F6B4 U+200D U+2642 U+FE0F,ğŸš´â€â™‚ï¸,:man-biking:
304,U+1F6B4 U+200D U+2640 U+FE0F,ğŸš´â€â™€ï¸,:woman-biking:
305,U+1F6B5,ğŸšµ,:person-mountain-biking:
306,U+1F6B5 U+200D U+2642 U+FE0F,ğŸšµâ€â™‚ï¸,:man-mountain-biking:
307,U+1F6B5 U+200D U+2640 U+FE0F,ğŸšµâ€â™€ï¸,:woman-mountain-biking:
308,U+1F3CE,ğŸ,:racing-car:
309,U+1F3CD,ğŸ,:motorcycle:
310,U+1F938,ğŸ¤¸,:person-cartwheeling:
311,U+1F938 U+200D U+2642 U+FE0F,ğŸ¤¸â€â™‚ï¸,:man-cartwheeling:
312,U+1F938 U+200D U+2640 U+FE0F,ğŸ¤¸â€â™€ï¸,:woman-cartwheeling:
313,U+1F93C,ğŸ¤¼,:people-wrestling:
314,U+1F93C U+200D U+2642 U+FE0F,ğŸ¤¼â€â™‚ï¸,:men-wrestling:
315,U+1F93C U+200D U+2640 U+FE0F,ğŸ¤¼â€â™€ï¸,:women-wrestling:
316,U+1F93D,ğŸ¤½,:person-playing-water-polo:
317,U+1F93D U+200D U+2642 U+FE0F,ğŸ¤½â€â™‚ï¸,:man-playing-water-polo:
318,U+1F93D U+200D U+2640 U+FE0F,ğŸ¤½â€â™€ï¸,:woman-playing-water-polo:
319,U+1F93E,ğŸ¤¾,:person-playing-handball:
320,U+1F93E U+200D U+2642 U+FE0F,ğŸ¤¾â€â™‚ï¸,:man-playing-handball:
321,U+1F93E U+200D U+2640 U+FE0F,ğŸ¤¾â€â™€ï¸,:woman-playing-handball:
322,U+1F939,ğŸ¤¹,:person-juggling:
323,U+1F939 U+200D U+2642 U+FE0F,ğŸ¤¹â€â™‚ï¸,:man-juggling:
324,U+1F939 U+200D U+2640 U+FE0F,ğŸ¤¹â€â™€ï¸,:woman-juggling:
325,U+1F46B,ğŸ‘«,:man-and-woman-holding-hands:
326,U+1F46C,ğŸ‘¬,:two-men-holding-hands:
327,U+1F46D,ğŸ‘­,:two-women-holding-hands:
328,U+1F48F,ğŸ’,:kiss:
329,U+1F469 U+200D U+2764 U+FE0F U+200D U+1F48B U+200D U+1F468,ğŸ‘©â€â¤ï¸â€ğŸ’‹â€ğŸ‘¨,":kiss;-woman,-man:"
330,U+1F468 U+200D U+2764 U+FE0F U+200D U+1F48B U+200D U+1F468,ğŸ‘¨â€â¤ï¸â€ğŸ’‹â€ğŸ‘¨,":kiss;-man,-man:"
331,U+1F469 U+200D U+2764 U+FE0F U+200D U+1F48B U+200D U+1F469,ğŸ‘©â€â¤ï¸â€ğŸ’‹â€ğŸ‘©,":kiss;-woman,-woman:"
332,U+1F491,ğŸ’‘,:couple-with-heart:
333,U+1F469 U+200D U+2764 U+FE0F U+200D U+1F468,ğŸ‘©â€â¤ï¸â€ğŸ‘¨,":couple-with-heart;-woman,-man:"
334,U+1F468 U+200D U+2764 U+FE0F U+200D U+1F468,ğŸ‘¨â€â¤ï¸â€ğŸ‘¨,":couple-with-heart;-man,-man:"
335,U+1F469 U+200D U+2764 U+FE0F U+200D U+1F469,ğŸ‘©â€â¤ï¸â€ğŸ‘©,":couple-with-heart;-woman,-woman:"
336,U+1F46A,ğŸ‘ª,:family:
337,U+1F468 U+200D U+1F469 U+200D U+1F466,ğŸ‘¨â€ğŸ‘©â€ğŸ‘¦,":family;-man,-woman,-boy:"
338,U+1F468 U+200D U+1F469 U+200D U+1F467,ğŸ‘¨â€ğŸ‘©â€ğŸ‘§,":family;-man,-woman,-girl:"
339,U+1F468 U+200D U+1F469 U+200D U+1F467 U+200D U+1F466,ğŸ‘¨â€ğŸ‘©â€ğŸ‘§â€ğŸ‘¦,":family;-man,-woman,-girl,-boy:"
340,U+1F468 U+200D U+1F469 U+200D U+1F466 U+200D U+1F466,ğŸ‘¨â€ğŸ‘©â€ğŸ‘¦â€ğŸ‘¦,":family;-man,-woman,-boy,-boy:"
341,U+1F468 U+200D U+1F469 U+200D U+1F467 U+200D U+1F467,ğŸ‘¨â€ğŸ‘©â€ğŸ‘§â€ğŸ‘§,":family;-man,-woman,-girl,-girl:"
342,U+1F468 U+200D U+1F468 U+200D U+1F466,ğŸ‘¨â€ğŸ‘¨â€ğŸ‘¦,":family;-man,-man,-boy:"
343,U+1F468 U+200D U+1F468 U+200D U+1F467,ğŸ‘¨â€ğŸ‘¨â€ğŸ‘§,":family;-man,-man,-girl:"
344,U+1F468 U+200D U+1F468 U+200D U+1F467 U+200D U+1F466,ğŸ‘¨â€ğŸ‘¨â€ğŸ‘§â€ğŸ‘¦,":family;-man,-man,-girl,-boy:"
345,U+1F468 U+200D U+1F468 U+200D U+1F466 U+200D U+1F466,ğŸ‘¨â€ğŸ‘¨â€ğŸ‘¦â€ğŸ‘¦,":family;-man,-man,-boy,-boy:"
346,U+1F468 U+200D U+1F468 U+200D U+1F467 U+200D U+1F467,ğŸ‘¨â€ğŸ‘¨â€ğŸ‘§â€ğŸ‘§,":family;-man,-man,-girl,-girl:"
347,U+1F469 U+200D U+1F469 U+200D U+1F466,ğŸ‘©â€ğŸ‘©â€ğŸ‘¦,":family;-woman,-woman,-boy:"
348,U+1F469 U+200D U+1F469 U+200D U+1F467,ğŸ‘©â€ğŸ‘©â€ğŸ‘§,":family;-woman,-woman,-girl:"
349,U+1F469 U+200D U+1F469 U+200D U+1F467 U+200D U+1F466,ğŸ‘©â€ğŸ‘©â€ğŸ‘§â€ğŸ‘¦,":family;-woman,-woman,-girl,-boy:"
350,U+1F469 U+200D U+1F469 U+200D U+1F466 U+200D U+1F466,ğŸ‘©â€ğŸ‘©â€ğŸ‘¦â€ğŸ‘¦,":family;-woman,-woman,-boy,-boy:"
351,U+1F469 U+200D U+1F469 U+200D U+1F467 U+200D U+1F467,ğŸ‘©â€ğŸ‘©â€ğŸ‘§â€ğŸ‘§,":family;-woman,-woman,-girl,-girl:"
352,U+1F468 U+200D U+1F466,ğŸ‘¨â€ğŸ‘¦,":family;-man,-boy:"
353,U+1F468 U+200D U+1F466 U+200D U+1F466,ğŸ‘¨â€ğŸ‘¦â€ğŸ‘¦,":family;-man,-boy,-boy:"
354,U+1F468 U+200D U+1F467,ğŸ‘¨â€ğŸ‘§,":family;-man,-girl:"
355,U+1F468 U+200D U+1F467 U+200D U+1F466,ğŸ‘¨â€ğŸ‘§â€ğŸ‘¦,":family;-man,-girl,-boy:"
356,U+1F468 U+200D U+1F467 U+200D U+1F467,ğŸ‘¨â€ğŸ‘§â€ğŸ‘§,":family;-man,-girl,-girl:"
357,U+1F469 U+200D U+1F466,ğŸ‘©â€ğŸ‘¦,":family;-woman,-boy:"
358,U+1F469 U+200D U+1F466 U+200D U+1F466,ğŸ‘©â€ğŸ‘¦â€ğŸ‘¦,":family;-woman,-boy,-boy:"
359,U+1F469 U+200D U+1F467,ğŸ‘©â€ğŸ‘§,":family;-woman,-girl:"
360,U+1F469 U+200D U+1F467 U+200D U+1F466,ğŸ‘©â€ğŸ‘§â€ğŸ‘¦,":family;-woman,-girl,-boy:"
361,U+1F469 U+200D U+1F467 U+200D U+1F467,ğŸ‘©â€ğŸ‘§â€ğŸ‘§,":family;-woman,-girl,-girl:"
362,U+1F933,ğŸ¤³,:selfie:
363,U+1F4AA,ğŸ’ª,:flexed-biceps:
364,U+1F9B5,ğŸ¦µ,:leg:
365,U+1F9B6,ğŸ¦¶,:foot:
366,U+1F448,ğŸ‘ˆ,:backhand-index-pointing-left:
367,U+1F449,ğŸ‘‰,:backhand-index-pointing-right:
368,U+261D,â˜ï¸,:index-pointing-up:
369,U+1F446,ğŸ‘†,:backhand-index-pointing-up:
370,U+1F595,ğŸ–•,:middle-finger:
371,U+1F447,ğŸ‘‡,:backhand-index-pointing-down:
372,U+270C,âœŒï¸,:victory-hand:
373,U+1F91E,ğŸ¤,:crossed-fingers:
374,U+1F596,ğŸ––,:vulcan-salute:
375,U+1F918,ğŸ¤˜,:sign-of-the-horns:
376,U+1F919,ğŸ¤™,:call-me-hand:
377,U+1F590,ğŸ–,:hand-with-fingers-splayed:
378,U+270B,âœ‹,:raised-hand:
379,U+1F44C,ğŸ‘Œ,:OK-hand:
380,U+1F44D,ğŸ‘,:thumbs-up:
381,U+1F44E,ğŸ‘,:thumbs-down:
382,U+270A,âœŠ,:raised-fist:
383,U+1F44A,ğŸ‘Š,:oncoming-fist:
384,U+1F91B,ğŸ¤›,:left-facing-fist:
385,U+1F91C,ğŸ¤œ,:right-facing-fist:
386,U+1F91A,ğŸ¤š,:raised-back-of-hand:
387,U+1F44B,ğŸ‘‹,:waving-hand:
388,U+1F91F,ğŸ¤Ÿ,:love-you-gesture:
389,U+270D,âœï¸,:writing-hand:
390,U+1F44F,ğŸ‘,:clapping-hands:
391,U+1F450,ğŸ‘,:open-hands:
392,U+1F64C,ğŸ™Œ,:raising-hands:
393,U+1F932,ğŸ¤²,:palms-up-together:
394,U+1F64F,ğŸ™,:folded-hands:
395,U+1F91D,ğŸ¤,:handshake:
396,U+1F485,ğŸ’…,:nail-polish:
397,U+1F442,ğŸ‘‚,:ear:
398,U+1F443,ğŸ‘ƒ,:nose:
399,U+1F463,ğŸ‘£,:footprints:
400,U+1F440,ğŸ‘€,:eyes:
401,U+1F441,ğŸ‘,:eye:
402,U+1F441 U+FE0F U+200D U+1F5E8 U+FE0F,ğŸ‘ï¸â€ğŸ—¨ï¸,:eye-in-speech-bubble:
403,U+1F9E0,ğŸ§ ,:brain:
404,U+1F9B4,ğŸ¦´,:bone:
405,U+1F9B7,ğŸ¦·,:tooth:
406,U+1F445,ğŸ‘…,:tongue:
407,U+1F444,ğŸ‘„,:mouth:
408,U+1F9B0,ğŸ¦°,:red-hair:
409,U+1F9B1,ğŸ¦±,:curly-hair:
410,U+1F9B3,ğŸ¦³,:white-hair:
411,U+1F9B2,ğŸ¦²,:bald:
412,U+1F48B,ğŸ’‹,:kiss-mark:
413,U+1F498,ğŸ’˜,:heart-with-arrow:
414,U+1F49D,ğŸ’,:heart-with-ribbon:
415,U+1F496,ğŸ’–,:sparkling-heart:
416,U+1F497,ğŸ’—,:growing-heart:
417,U+1F493,ğŸ’“,:beating-heart:
418,U+1F49E,ğŸ’,:revolving-hearts:
419,U+1F495,ğŸ’•,:two-hearts:
420,U+1F48C,ğŸ’Œ,:love-letter:
421,U+2763,â£ï¸,:heavy-heart-exclamation:
422,U+1F494,ğŸ’”,:broken-heart:
423,U+2764,â¤ï¸,:red-heart:
424,U+1F9E1,ğŸ§¡,:orange-heart:
425,U+1F49B,ğŸ’›,:yellow-heart:
426,U+1F49A,ğŸ’š,:green-heart:
427,U+1F499,ğŸ’™,:blue-heart:
428,U+1F49C,ğŸ’œ,:purple-heart:
429,U+1F5A4,ğŸ–¤,:black-heart:
430,U+1F49F,ğŸ’Ÿ,:heart-decoration:
431,U+1F4A4,ğŸ’¤,:zzz:
432,U+1F4A2,ğŸ’¢,:anger-symbol:
433,U+1F4A3,ğŸ’£,:bomb:
434,U+1F4A5,ğŸ’¥,:collision:
435,U+1F4A6,ğŸ’¦,:sweat-droplets:
436,U+1F4A8,ğŸ’¨,:dashing-away:
437,U+1F4AB,ğŸ’«,:dizzy:
438,U+1F4AC,ğŸ’¬,:speech-balloon:
439,U+1F5E8,ğŸ—¨,:left-speech-bubble:
440,U+1F5EF,ğŸ—¯,:right-anger-bubble:
441,U+1F4AD,ğŸ’­,:thought-balloon:
442,U+1F573,ğŸ•³,:hole:
443,U+1F453,ğŸ‘“,:glasses:
444,U+1F576,ğŸ•¶,:sunglasses:
445,U+1F97D,ğŸ¥½,:goggles:
446,U+1F97C,ğŸ¥¼,:lab-coat:
447,U+1F454,ğŸ‘”,:necktie:
448,U+1F455,ğŸ‘•,:t-shirt:
449,U+1F456,ğŸ‘–,:jeans:
450,U+1F9E3,ğŸ§£,:scarf:
451,U+1F9E4,ğŸ§¤,:gloves:
452,U+1F9E5,ğŸ§¥,:coat:
453,U+1F9E6,ğŸ§¦,:socks:
454,U+1F457,ğŸ‘—,:dress:
455,U+1F458,ğŸ‘˜,:kimono:
456,U+1F459,ğŸ‘™,:bikini:
457,U+1F45A,ğŸ‘š,:womanâ€™s-clothes:
458,U+1F45B,ğŸ‘›,:purse:
459,U+1F45C,ğŸ‘œ,:handbag:
460,U+1F45D,ğŸ‘,:clutch-bag:
461,U+1F6CD,ğŸ›,:shopping-bags:
462,U+1F392,ğŸ’,:backpack:
463,U+1F45E,ğŸ‘,:manâ€™s-shoe:
464,U+1F45F,ğŸ‘Ÿ,:running-shoe:
465,U+1F97E,ğŸ¥¾,:hiking-boot:
466,U+1F97F,ğŸ¥¿,:flat-shoe:
467,U+1F460,ğŸ‘ ,:high-heeled-shoe:
468,U+1F461,ğŸ‘¡,:womanâ€™s-sandal:
469,U+1F462,ğŸ‘¢,:womanâ€™s-boot:
470,U+1F451,ğŸ‘‘,:crown:
471,U+1F452,ğŸ‘’,:womanâ€™s-hat:
472,U+1F3A9,ğŸ©,:top-hat:
473,U+1F393,ğŸ“,:graduation-cap:
474,U+1F9E2,ğŸ§¢,:billed-cap:
475,U+26D1,â›‘,:rescue-workerâ€™s-helmet:
476,U+1F4FF,ğŸ“¿,:prayer-beads:
477,U+1F484,ğŸ’„,:lipstick:
478,U+1F48D,ğŸ’,:ring:
479,U+1F48E,ğŸ’,:gem-stone:
480,U+1F435,ğŸµ,:monkey-face:
481,U+1F412,ğŸ’,:monkey:
482,U+1F98D,ğŸ¦,:gorilla:
483,U+1F436,ğŸ¶,:dog-face:
484,U+1F415,ğŸ•,:dog:
485,U+1F429,ğŸ©,:poodle:
486,U+1F43A,ğŸº,:wolf-face:
487,U+1F98A,ğŸ¦Š,:fox-face:
488,U+1F99D,ğŸ¦,:raccoon:
489,U+1F431,ğŸ±,:cat-face:
490,U+1F408,ğŸˆ,:cat:
491,U+1F981,ğŸ¦,:lion-face:
492,U+1F42F,ğŸ¯,:tiger-face:
493,U+1F405,ğŸ…,:tiger:
494,U+1F406,ğŸ†,:leopard:
495,U+1F434,ğŸ´,:horse-face:
496,U+1F40E,ğŸ,:horse:
497,U+1F984,ğŸ¦„,:unicorn-face:
498,U+1F993,ğŸ¦“,:zebra:
499,U+1F98C,ğŸ¦Œ,:deer:
500,U+1F42E,ğŸ®,:cow-face:
501,U+1F402,ğŸ‚,:ox:
502,U+1F403,ğŸƒ,:water-buffalo:
503,U+1F404,ğŸ„,:cow:
504,U+1F437,ğŸ·,:pig-face:
505,U+1F416,ğŸ–,:pig:
506,U+1F417,ğŸ—,:boar:
507,U+1F43D,ğŸ½,:pig-nose:
508,U+1F40F,ğŸ,:ram:
509,U+1F411,ğŸ‘,:ewe:
510,U+1F410,ğŸ,:goat:
511,U+1F42A,ğŸª,:camel:
512,U+1F42B,ğŸ«,:two-hump-camel:
513,U+1F999,ğŸ¦™,:llama:
514,U+1F992,ğŸ¦’,:giraffe:
515,U+1F418,ğŸ˜,:elephant:
516,U+1F98F,ğŸ¦,:rhinoceros:
517,U+1F99B,ğŸ¦›,:hippopotamus:
518,U+1F42D,ğŸ­,:mouse-face:
519,U+1F401,ğŸ,:mouse:
520,U+1F400,ğŸ€,:rat:
521,U+1F439,ğŸ¹,:hamster-face:
522,U+1F430,ğŸ°,:rabbit-face:
523,U+1F407,ğŸ‡,:rabbit:
524,U+1F43F,ğŸ¿,:chipmunk:
525,U+1F994,ğŸ¦”,:hedgehog:
526,U+1F987,ğŸ¦‡,:bat:
527,U+1F43B,ğŸ»,:bear-face:
528,U+1F428,ğŸ¨,:koala:
529,U+1F43C,ğŸ¼,:panda-face:
530,U+1F998,ğŸ¦˜,:kangaroo:
531,U+1F9A1,ğŸ¦¡,:badger:
532,U+1F43E,ğŸ¾,:paw-prints:
533,U+1F983,ğŸ¦ƒ,:turkey:
534,U+1F414,ğŸ”,:chicken:
535,U+1F413,ğŸ“,:rooster:
536,U+1F423,ğŸ£,:hatching-chick:
537,U+1F424,ğŸ¤,:baby-chick:
538,U+1F425,ğŸ¥,:front-facing-baby-chick:
539,U+1F426,ğŸ¦,:bird:
540,U+1F427,ğŸ§,:penguin:
541,U+1F54A,ğŸ•Š,:dove:
542,U+1F985,ğŸ¦…,:eagle:
543,U+1F986,ğŸ¦†,:duck:
544,U+1F9A2,ğŸ¦¢,:swan:
545,U+1F989,ğŸ¦‰,:owl:
546,U+1F99A,ğŸ¦š,:peacock:
547,U+1F99C,ğŸ¦œ,:parrot:
548,U+1F438,ğŸ¸,:frog-face:
549,U+1F40A,ğŸŠ,:crocodile:
550,U+1F422,ğŸ¢,:turtle:
551,U+1F98E,ğŸ¦,:lizard:
552,U+1F40D,ğŸ,:snake:
553,U+1F432,ğŸ²,:dragon-face:
554,U+1F409,ğŸ‰,:dragon:
555,U+1F995,ğŸ¦•,:sauropod:
556,U+1F996,ğŸ¦–,:T-Rex:
557,U+1F433,ğŸ³,:spouting-whale:
558,U+1F40B,ğŸ‹,:whale:
559,U+1F42C,ğŸ¬,:dolphin:
560,U+1F41F,ğŸŸ,:fish:
561,U+1F420,ğŸ ,:tropical-fish:
562,U+1F421,ğŸ¡,:blowfish:
563,U+1F988,ğŸ¦ˆ,:shark:
564,U+1F419,ğŸ™,:octopus:
565,U+1F41A,ğŸš,:spiral-shell:
566,U+1F980,ğŸ¦€,:crab:
567,U+1F99E,ğŸ¦,:lobster:
568,U+1F990,ğŸ¦,:shrimp:
569,U+1F991,ğŸ¦‘,:squid:
570,U+1F40C,ğŸŒ,:snail:
571,U+1F98B,ğŸ¦‹,:butterfly:
572,U+1F41B,ğŸ›,:bug:
573,U+1F41C,ğŸœ,:ant:
574,U+1F41D,ğŸ,:honeybee:
575,U+1F41E,ğŸ,:lady-beetle:
576,U+1F997,ğŸ¦—,:cricket:
577,U+1F577,ğŸ•·,:spider:
578,U+1F578,ğŸ•¸,:spider-web:
579,U+1F982,ğŸ¦‚,:scorpion:
580,U+1F99F,ğŸ¦Ÿ,:mosquito:
581,U+1F9A0,ğŸ¦ ,:microbe:
582,U+1F490,ğŸ’,:bouquet:
583,U+1F338,ğŸŒ¸,:cherry-blossom:
584,U+1F4AE,ğŸ’®,:white-flower:
585,U+1F3F5,ğŸµ,:rosette:
586,U+1F339,ğŸŒ¹,:rose:
587,U+1F940,ğŸ¥€,:wilted-flower:
588,U+1F33A,ğŸŒº,:hibiscus:
589,U+1F33B,ğŸŒ»,:sunflower:
590,U+1F33C,ğŸŒ¼,:blossom:
591,U+1F337,ğŸŒ·,:tulip:
592,U+1F331,ğŸŒ±,:seedling:
593,U+1F332,ğŸŒ²,:evergreen-tree:
594,U+1F333,ğŸŒ³,:deciduous-tree:
595,U+1F334,ğŸŒ´,:palm-tree:
596,U+1F335,ğŸŒµ,:cactus:
597,U+1F33E,ğŸŒ¾,:sheaf-of-rice:
598,U+1F33F,ğŸŒ¿,:herb:
599,U+2618,â˜˜,:shamrock:
600,U+1F340,ğŸ€,:four-leaf-clover:
601,U+1F341,ğŸ,:maple-leaf:
602,U+1F342,ğŸ‚,:fallen-leaf:
603,U+1F343,ğŸƒ,:leaf-fluttering-in-wind:
604,U+1F347,ğŸ‡,:grapes:
605,U+1F348,ğŸˆ,:melon:
606,U+1F349,ğŸ‰,:watermelon:
607,U+1F34A,ğŸŠ,:tangerine:
608,U+1F34B,ğŸ‹,:lemon:
609,U+1F34C,ğŸŒ,:banana:
610,U+1F34D,ğŸ,:pineapple:
611,U+1F96D,ğŸ¥­,:mango:
612,U+1F34E,ğŸ,:red-apple:
613,U+1F34F,ğŸ,:green-apple:
614,U+1F350,ğŸ,:pear:
615,U+1F351,ğŸ‘,:peach:
616,U+1F352,ğŸ’,:cherries:
617,U+1F353,ğŸ“,:strawberry:
618,U+1F95D,ğŸ¥,:kiwi-fruit:
619,U+1F345,ğŸ…,:tomato:
620,U+1F965,ğŸ¥¥,:coconut:
621,U+1F951,ğŸ¥‘,:avocado:
622,U+1F346,ğŸ†,:eggplant:
623,U+1F954,ğŸ¥”,:potato:
624,U+1F955,ğŸ¥•,:carrot:
625,U+1F33D,ğŸŒ½,:ear-of-corn:
626,U+1F336,ğŸŒ¶,:hot-pepper:
627,U+1F952,ğŸ¥’,:cucumber:
628,U+1F96C,ğŸ¥¬,:leafy-green:
629,U+1F966,ğŸ¥¦,:broccoli:
630,U+1F344,ğŸ„,:mushroom:
631,U+1F95C,ğŸ¥œ,:peanuts:
632,U+1F330,ğŸŒ°,:chestnut:
633,U+1F35E,ğŸ,:bread:
634,U+1F950,ğŸ¥,:croissant:
635,U+1F956,ğŸ¥–,:baguette-bread:
636,U+1F968,ğŸ¥¨,:pretzel:
637,U+1F96F,ğŸ¥¯,:bagel:
638,U+1F95E,ğŸ¥,:pancakes:
639,U+1F9C0,ğŸ§€,:cheese-wedge:
640,U+1F356,ğŸ–,:meat-on-bone:
641,U+1F357,ğŸ—,:poultry-leg:
642,U+1F969,ğŸ¥©,:cut-of-meat:
643,U+1F953,ğŸ¥“,:bacon:
644,U+1F354,ğŸ”,:hamburger:
645,U+1F35F,ğŸŸ,:french-fries:
646,U+1F355,ğŸ•,:pizza:
647,U+1F32D,ğŸŒ­,:hot-dog:
648,U+1F96A,ğŸ¥ª,:sandwich:
649,U+1F32E,ğŸŒ®,:taco:
650,U+1F32F,ğŸŒ¯,:burrito:
651,U+1F959,ğŸ¥™,:stuffed-flatbread:
652,U+1F95A,ğŸ¥š,:egg:
653,U+1F373,ğŸ³,:cooking:
654,U+1F958,ğŸ¥˜,:shallow-pan-of-food:
655,U+1F372,ğŸ²,:pot-of-food:
656,U+1F963,ğŸ¥£,:bowl-with-spoon:
657,U+1F957,ğŸ¥—,:green-salad:
658,U+1F37F,ğŸ¿,:popcorn:
659,U+1F9C2,ğŸ§‚,:salt:
660,U+1F96B,ğŸ¥«,:canned-food:
661,U+1F371,ğŸ±,:bento-box:
662,U+1F358,ğŸ˜,:rice-cracker:
663,U+1F359,ğŸ™,:rice-ball:
664,U+1F35A,ğŸš,:cooked-rice:
665,U+1F35B,ğŸ›,:curry-rice:
666,U+1F35C,ğŸœ,:steaming-bowl:
667,U+1F35D,ğŸ,:spaghetti:
668,U+1F360,ğŸ ,:roasted-sweet-potato:
669,U+1F362,ğŸ¢,:oden:
670,U+1F363,ğŸ£,:sushi:
671,U+1F364,ğŸ¤,:fried-shrimp:
672,U+1F365,ğŸ¥,:fish-cake-with-swirl:
673,U+1F96E,ğŸ¥®,:moon-cake:
674,U+1F361,ğŸ¡,:dango:
675,U+1F95F,ğŸ¥Ÿ,:dumpling:
676,U+1F960,ğŸ¥ ,:fortune-cookie:
677,U+1F961,ğŸ¥¡,:takeout-box:
678,U+1F366,ğŸ¦,:soft-ice-cream:
679,U+1F367,ğŸ§,:shaved-ice:
680,U+1F368,ğŸ¨,:ice-cream:
681,U+1F369,ğŸ©,:doughnut:
682,U+1F36A,ğŸª,:cookie:
683,U+1F382,ğŸ‚,:birthday-cake:
684,U+1F370,ğŸ°,:shortcake:
685,U+1F9C1,ğŸ§,:cupcake:
686,U+1F967,ğŸ¥§,:pie:
687,U+1F36B,ğŸ«,:chocolate-bar:
688,U+1F36C,ğŸ¬,:candy:
689,U+1F36D,ğŸ­,:lollipop:
690,U+1F36E,ğŸ®,:custard:
691,U+1F36F,ğŸ¯,:honey-pot:
692,U+1F37C,ğŸ¼,:baby-bottle:
693,U+1F95B,ğŸ¥›,:glass-of-milk:
694,U+2615,â˜•,:hot-beverage:
695,U+1F375,ğŸµ,:teacup-without-handle:
696,U+1F376,ğŸ¶,:sake:
697,U+1F37E,ğŸ¾,:bottle-with-popping-cork:
698,U+1F377,ğŸ·,:wine-glass:
699,U+1F378,ğŸ¸,:cocktail-glass:
700,U+1F379,ğŸ¹,:tropical-drink:
701,U+1F37A,ğŸº,:beer-mug:
702,U+1F37B,ğŸ»,:clinking-beer-mugs:
703,U+1F942,ğŸ¥‚,:clinking-glasses:
704,U+1F943,ğŸ¥ƒ,:tumbler-glass:
705,U+1F964,ğŸ¥¤,:cup-with-straw:
706,U+1F962,ğŸ¥¢,:chopsticks:
707,U+1F37D,ğŸ½,:fork-and-knife-with-plate:
708,U+1F374,ğŸ´,:fork-and-knife:
709,U+1F944,ğŸ¥„,:spoon:
710,U+1F52A,ğŸ”ª,:kitchen-knife:
711,U+1F3FA,ğŸº,:amphora:
712,U+1F30D,ğŸŒ,:globe-showing-Europe-Africa:
713,U+1F30E,ğŸŒ,:globe-showing-Americas:
714,U+1F30F,ğŸŒ,:globe-showing-Asia-Australia:
715,U+1F310,ğŸŒ,:globe-with-meridians:
716,U+1F5FA,ğŸ—º,:world-map:
717,U+1F5FE,ğŸ—¾,:map-of-Japan:
718,U+1F9ED,ğŸ§­,:compass:
719,U+1F3D4,ğŸ”,:snow-capped-mountain:
720,U+26F0,â›°,:mountain:
721,U+1F30B,ğŸŒ‹,:volcano:
722,U+1F5FB,ğŸ—»,:mount-fuji:
723,U+1F3D5,ğŸ•,:camping:
724,U+1F3D6,ğŸ–,:beach-with-umbrella:
725,U+1F3DC,ğŸœ,:desert:
726,U+1F3DD,ğŸ,:desert-island:
727,U+1F3DE,ğŸ,:national-park:
728,U+1F3DF,ğŸŸ,:stadium:
729,U+1F3DB,ğŸ›,:classical-building:
730,U+1F3D7,ğŸ—,:building-construction:
731,U+1F9F1,ğŸ§±,:brick:
732,U+1F3D8,ğŸ˜,:houses:
733,U+1F3DA,ğŸš,:derelict-house:
734,U+1F3E0,ğŸ ,:house:
735,U+1F3E1,ğŸ¡,:house-with-garden:
736,U+1F3E2,ğŸ¢,:office-building:
737,U+1F3E3,ğŸ£,:Japanese-post-office:
738,U+1F3E4,ğŸ¤,:post-office:
739,U+1F3E5,ğŸ¥,:hospital:
740,U+1F3E6,ğŸ¦,:bank:
741,U+1F3E8,ğŸ¨,:hotel:
742,U+1F3E9,ğŸ©,:love-hotel:
743,U+1F3EA,ğŸª,:convenience-store:
744,U+1F3EB,ğŸ«,:school:
745,U+1F3EC,ğŸ¬,:department-store:
746,U+1F3ED,ğŸ­,:factory:
747,U+1F3EF,ğŸ¯,:Japanese-castle:
748,U+1F3F0,ğŸ°,:castle:
749,U+1F492,ğŸ’’,:wedding:
750,U+1F5FC,ğŸ—¼,:Tokyo-tower:
751,U+1F5FD,ğŸ—½,:Statue-of-Liberty:
752,U+26EA,â›ª,:church:
753,U+1F54C,ğŸ•Œ,:mosque:
754,U+1F54D,ğŸ•,:synagogue:
755,U+26E9,â›©,:shinto-shrine:
756,U+1F54B,ğŸ•‹,:kaaba:
757,U+26F2,â›²,:fountain:
758,U+26FA,â›º,:tent:
759,U+1F301,ğŸŒ,:foggy:
760,U+1F303,ğŸŒƒ,:night-with-stars:
761,U+1F3D9,ğŸ™,:cityscape:
762,U+1F304,ğŸŒ„,:sunrise-over-mountains:
763,U+1F305,ğŸŒ…,:sunrise:
764,U+1F306,ğŸŒ†,:cityscape-at-dusk:
765,U+1F307,ğŸŒ‡,:sunset:
766,U+1F309,ğŸŒ‰,:bridge-at-night:
767,U+2668,â™¨,:hot-springs:
768,U+1F30C,ğŸŒŒ,:milky-way:
769,U+1F3A0,ğŸ ,:carousel-horse:
770,U+1F3A1,ğŸ¡,:ferris-wheel:
771,U+1F3A2,ğŸ¢,:roller-coaster:
772,U+1F488,ğŸ’ˆ,:barber-pole:
773,U+1F3AA,ğŸª,:circus-tent:
774,U+1F682,ğŸš‚,:locomotive:
775,U+1F683,ğŸšƒ,:railway-car:
776,U+1F684,ğŸš„,:high-speed-train:
777,U+1F685,ğŸš…,:bullet-train:
778,U+1F686,ğŸš†,:train:
779,U+1F687,ğŸš‡,:metro:
780,U+1F688,ğŸšˆ,:light-rail:
781,U+1F689,ğŸš‰,:station:
782,U+1F68A,ğŸšŠ,:tram:
783,U+1F69D,ğŸš,:monorail:
784,U+1F69E,ğŸš,:mountain-railway:
785,U+1F68B,ğŸš‹,:tram-car:
786,U+1F68C,ğŸšŒ,:bus:
787,U+1F68D,ğŸš,:oncoming-bus:
788,U+1F68E,ğŸš,:trolleybus:
789,U+1F690,ğŸš,:minibus:
790,U+1F691,ğŸš‘,:ambulance:
791,U+1F692,ğŸš’,:fire-engine:
792,U+1F693,ğŸš“,:police-car:
793,U+1F694,ğŸš”,:oncoming-police-car:
794,U+1F695,ğŸš•,:taxi:
795,U+1F696,ğŸš–,:oncoming-taxi:
796,U+1F697,ğŸš—,:automobile:
797,U+1F698,ğŸš˜,:oncoming-automobile:
798,U+1F699,ğŸš™,:sport-utility-vehicle:
799,U+1F69A,ğŸšš,:delivery-truck:
800,U+1F69B,ğŸš›,:articulated-lorry:
801,U+1F69C,ğŸšœ,:tractor:
802,U+1F6B2,ğŸš²,:bicycle:
803,U+1F6F4,ğŸ›´,:kick-scooter:
804,U+1F6F9,ğŸ›¹,:skateboard:
805,U+1F6F5,ğŸ›µ,:motor-scooter:
806,U+1F68F,ğŸš,:bus-stop:
807,U+1F6E3,ğŸ›£,:motorway:
808,U+1F6E4,ğŸ›¤,:railway-track:
809,U+1F6E2,ğŸ›¢,:oil-drum:
810,U+26FD,â›½,:fuel-pump:
811,U+1F6A8,ğŸš¨,:police-car-light:
812,U+1F6A5,ğŸš¥,:horizontal-traffic-light:
813,U+1F6A6,ğŸš¦,:vertical-traffic-light:
814,U+1F6D1,ğŸ›‘,:stop-sign:
815,U+1F6A7,ğŸš§,:construction:
816,U+2693,âš“,:anchor:
817,U+26F5,â›µ,:sailboat:
818,U+1F6F6,ğŸ›¶,:canoe:
819,U+1F6A4,ğŸš¤,:speedboat:
820,U+1F6F3,ğŸ›³,:passenger-ship:
821,U+26F4,â›´,:ferry:
822,U+1F6E5,ğŸ›¥,:motor-boat:
823,U+1F6A2,ğŸš¢,:ship:
824,U+2708,âœˆ,:airplane:
825,U+1F6E9,ğŸ›©,:small-airplane:
826,U+1F6EB,ğŸ›«,:airplane-departure:
827,U+1F6EC,ğŸ›¬,:airplane-arrival:
828,U+1F4BA,ğŸ’º,:seat:
829,U+1F681,ğŸš,:helicopter:
830,U+1F69F,ğŸšŸ,:suspension-railway:
831,U+1F6A0,ğŸš ,:mountain-cableway:
832,U+1F6A1,ğŸš¡,:aerial-tramway:
833,U+1F6F0,ğŸ›°,:satellite:
834,U+1F680,ğŸš€,:rocket:
835,U+1F6F8,ğŸ›¸,:flying-saucer:
836,U+1F6CE,ğŸ›,:bellhop-bell:
837,U+1F9F3,ğŸ§³,:luggage:
838,U+231B,âŒ›,:hourglass-done:
839,U+23F3,â³,:hourglass-not-done:
840,U+231A,âŒš,:watch:
841,U+23F0,â°,:alarm-clock:
842,U+23F1,â±,:stopwatch:
843,U+23F2,â²,:timer-clock:
844,U+1F570,ğŸ•°,:mantelpiece-clock:
845,U+1F55B,ğŸ•›,:twelve-oâ€™clock:
846,U+1F567,ğŸ•§,:twelve-thirty:
847,U+1F550,ğŸ•,:one-oâ€™clock:
848,U+1F55C,ğŸ•œ,:one-thirty:
849,U+1F551,ğŸ•‘,:two-oâ€™clock:
850,U+1F55D,ğŸ•,:two-thirty:
851,U+1F552,ğŸ•’,:three-oâ€™clock:
852,U+1F55E,ğŸ•,:three-thirty:
853,U+1F553,ğŸ•“,:four-oâ€™clock:
854,U+1F55F,ğŸ•Ÿ,:four-thirty:
855,U+1F554,ğŸ•”,:five-oâ€™clock:
856,U+1F560,ğŸ• ,:five-thirty:
857,U+1F555,ğŸ••,:six-oâ€™clock:
858,U+1F561,ğŸ•¡,:six-thirty:
859,U+1F556,ğŸ•–,:seven-oâ€™clock:
860,U+1F562,ğŸ•¢,:seven-thirty:
861,U+1F557,ğŸ•—,:eight-oâ€™clock:
862,U+1F563,ğŸ•£,:eight-thirty:
863,U+1F558,ğŸ•˜,:nine-oâ€™clock:
864,U+1F564,ğŸ•¤,:nine-thirty:
865,U+1F559,ğŸ•™,:ten-oâ€™clock:
866,U+1F565,ğŸ•¥,:ten-thirty:
867,U+1F55A,ğŸ•š,:eleven-oâ€™clock:
868,U+1F566,ğŸ•¦,:eleven-thirty:
869,U+1F311,ğŸŒ‘,:new-moon:
870,U+1F312,ğŸŒ’,:waxing-crescent-moon:
871,U+1F313,ğŸŒ“,:first-quarter-moon:
872,U+1F314,ğŸŒ”,:waxing-gibbous-moon:
873,U+1F315,ğŸŒ•,:full-moon:
874,U+1F316,ğŸŒ–,:waning-gibbous-moon:
875,U+1F317,ğŸŒ—,:last-quarter-moon:
876,U+1F318,ğŸŒ˜,:waning-crescent-moon:
877,U+1F319,ğŸŒ™,:crescent-moon:
878,U+1F31A,ğŸŒš,:new-moon-face:
879,U+1F31B,ğŸŒ›,:first-quarter-moon-face:
880,U+1F31C,ğŸŒœ,:last-quarter-moon-face:
881,U+1F321,ğŸŒ¡,:thermometer:
882,U+2600,â˜€,:sun:
883,U+1F31D,ğŸŒ,:full-moon-face:
884,U+1F31E,ğŸŒ,:sun-with-face:
885,U+2B50,â­,:star:
886,U+1F31F,ğŸŒŸ,:glowing-star:
887,U+1F320,ğŸŒ ,:shooting-star:
888,U+2601,â˜,:cloud:
889,U+26C5,â›…,:sun-behind-cloud:
890,U+26C8,â›ˆ,:cloud-with-lightning-and-rain:
891,U+1F324,ğŸŒ¤,:sun-behind-small-cloud:
892,U+1F325,ğŸŒ¥,:sun-behind-large-cloud:
893,U+1F326,ğŸŒ¦,:sun-behind-rain-cloud:
894,U+1F327,ğŸŒ§,:cloud-with-rain:
895,U+1F328,ğŸŒ¨,:cloud-with-snow:
896,U+1F329,ğŸŒ©,:cloud-with-lightning:
897,U+1F32A,ğŸŒª,:tornado:
898,U+1F32B,ğŸŒ«,:fog:
899,U+1F32C,ğŸŒ¬,:wind-face:
900,U+1F300,ğŸŒ€,:cyclone:
901,U+1F308,ğŸŒˆ,:rainbow:
902,U+1F302,ğŸŒ‚,:closed-umbrella:
903,U+2602,â˜‚,:umbrella:
904,U+2614,â˜”,:umbrella-with-rain-drops:
905,U+26F1,â›±,:umbrella-on-ground:
906,U+26A1,âš¡,:high-voltage:
907,U+2744,â„,:snowflake:
908,U+2603,â˜ƒ,:snowman:
909,U+26C4,â›„,:snowman-without-snow:
910,U+2604,â˜„,:comet:
911,U+1F525,ğŸ”¥,:fire:
912,U+1F4A7,ğŸ’§,:droplet:
913,U+1F30A,ğŸŒŠ,:water-wave:
914,U+1F383,ğŸƒ,:jack-o-lantern:
915,U+1F384,ğŸ„,:Christmas-tree:
916,U+1F386,ğŸ†,:fireworks:
917,U+1F387,ğŸ‡,:sparkler:
918,U+1F9E8,ğŸ§¨,:firecracker:
919,U+2728,âœ¨,:sparkles:
920,U+1F388,ğŸˆ,:balloon:
921,U+1F389,ğŸ‰,:party-popper:
922,U+1F38A,ğŸŠ,:confetti-ball:
923,U+1F38B,ğŸ‹,:tanabata-tree:
924,U+1F38D,ğŸ,:pine-decoration:
925,U+1F38E,ğŸ,:Japanese-dolls:
926,U+1F38F,ğŸ,:carp-streamer:
927,U+1F390,ğŸ,:wind-chime:
928,U+1F391,ğŸ‘,:moon-viewing-ceremony:
929,U+1F9E7,ğŸ§§,:red-envelope:
930,U+1F380,ğŸ€,:ribbon:
931,U+1F381,ğŸ,:wrapped-gift:
932,U+1F397,ğŸ—,:reminder-ribbon:
933,U+1F39F,ğŸŸ,:admission-tickets:
934,U+1F3AB,ğŸ«,:ticket:
935,U+1F396,ğŸ–,:military-medal:
936,U+1F3C6,ğŸ†,:trophy:
937,U+1F3C5,ğŸ…,:sports-medal:
938,U+1F947,ğŸ¥‡,:1st-place-medal:
939,U+1F948,ğŸ¥ˆ,:2nd-place-medal:
940,U+1F949,ğŸ¥‰,:3rd-place-medal:
941,U+26BD,âš½,:soccer-ball:
942,U+26BE,âš¾,:baseball:
943,U+1F94E,ğŸ¥,:softball:
944,U+1F3C0,ğŸ€,:basketball:
945,U+1F3D0,ğŸ,:volleyball:
946,U+1F3C8,ğŸˆ,:american-football:
947,U+1F3C9,ğŸ‰,:rugby-football:
948,U+1F3BE,ğŸ¾,:tennis:
949,U+1F94F,ğŸ¥,:flying-disc:
950,U+1F3B3,ğŸ³,:bowling:
951,U+1F3CF,ğŸ,:cricket-game:
952,U+1F3D1,ğŸ‘,:field-hockey:
953,U+1F3D2,ğŸ’,:ice-hockey:
954,U+1F94D,ğŸ¥,:lacrosse:
955,U+1F3D3,ğŸ“,:ping-pong:
956,U+1F3F8,ğŸ¸,:badminton:
957,U+1F94A,ğŸ¥Š,:boxing-glove:
958,U+1F94B,ğŸ¥‹,:martial-arts-uniform:
959,U+1F945,ğŸ¥…,:goal-net:
960,U+26F3,â›³,:flag-in-hole:
961,U+26F8,â›¸,:ice-skate:
962,U+1F3A3,ğŸ£,:fishing-pole:
963,U+1F3BD,ğŸ½,:running-shirt:
964,U+1F3BF,ğŸ¿,:skis:
965,U+1F6F7,ğŸ›·,:sled:
966,U+1F94C,ğŸ¥Œ,:curling-stone:
967,U+1F3AF,ğŸ¯,:direct-hit:
968,U+1F3B1,ğŸ±,:pool-8-ball:
969,U+1F52E,ğŸ”®,:crystal-ball:
970,U+1F9FF,ğŸ§¿,:nazar-amulet:
971,U+1F3AE,ğŸ®,:video-game:
972,U+1F579,ğŸ•¹,:joystick:
973,U+1F3B0,ğŸ°,:slot-machine:
974,U+1F3B2,ğŸ²,:game-die:
975,U+1F9E9,ğŸ§©,:jigsaw:
976,U+1F9F8,ğŸ§¸,:teddy-bear:
977,U+2660,â™ ï¸,:spade-suit:
978,U+2665,â™¥ï¸,:heart-suit:
979,U+2666,â™¦ï¸,:diamond-suit:
980,U+2663,â™£ï¸,:club-suit:
981,U+265F,â™Ÿ,:chess-pawn:
982,U+1F0CF,ğŸƒ,:joker:
983,U+1F004,ğŸ€„,:mahjong-red-dragon:
984,U+1F3B4,ğŸ´,:flower-playing-cards:
985,U+1F3AD,ğŸ­,:performing-arts:
986,U+1F5BC,ğŸ–¼,:framed-picture:
987,U+1F3A8,ğŸ¨,:artist-palette:
988,U+1F9F5,ğŸ§µ,:thread:
989,U+1F9F6,ğŸ§¶,:yarn:
990,U+1F507,ğŸ”‡,:muted-speaker:
991,U+1F508,ğŸ”ˆ,:speaker-low-volume:
992,U+1F509,ğŸ”‰,:speaker-medium-volume:
993,U+1F50A,ğŸ”Š,:speaker-high-volume:
994,U+1F4E2,ğŸ“¢,:loudspeaker:
995,U+1F4E3,ğŸ“£,:megaphone:
996,U+1F4EF,ğŸ“¯,:postal-horn:
997,U+1F514,ğŸ””,:bell:
998,U+1F515,ğŸ”•,:bell-with-slash:
999,U+1F3BC,ğŸ¼,:musical-score:
1000,U+1F3B5,ğŸµ,:musical-note:
1001,U+1F3B6,ğŸ¶,:musical-notes:
1002,U+1F399,ğŸ™,:studio-microphone:
1003,U+1F39A,ğŸš,:level-slider:
1004,U+1F39B,ğŸ›,:control-knobs:
1005,U+1F3A4,ğŸ¤,:microphone:
1006,U+1F3A7,ğŸ§,:headphone:
1007,U+1F4FB,ğŸ“»,:radio:
1008,U+1F3B7,ğŸ·,:saxophone:
1009,U+1F3B8,ğŸ¸,:guitar:
1010,U+1F3B9,ğŸ¹,:musical-keyboard:
1011,U+1F3BA,ğŸº,:trumpet:
1012,U+1F3BB,ğŸ»,:violin:
1013,U+1F941,ğŸ¥,:drum:
1014,U+1F4F1,ğŸ“±,:mobile-phone:
1015,U+1F4F2,ğŸ“²,:mobile-phone-with-arrow:
1016,U+260E,â˜,:telephone:
1017,U+1F4DE,ğŸ“,:telephone-receiver:
1018,U+1F4DF,ğŸ“Ÿ,:pager:
1019,U+1F4E0,ğŸ“ ,:fax-machine:
1020,U+1F50B,ğŸ”‹,:battery:
1021,U+1F50C,ğŸ”Œ,:electric-plug:
1022,U+1F4BB,ğŸ’»,:laptop-computer:
1023,U+1F5A5,ğŸ–¥,:desktop-computer:
1024,U+1F5A8,ğŸ–¨,:printer:
1025,U+2328,âŒ¨,:keyboard:
1026,U+1F5B1,ğŸ–±,:computer-mouse:
1027,U+1F5B2,ğŸ–²,:trackball:
1028,U+1F4BD,ğŸ’½,:computer-disk:
1029,U+1F4BE,ğŸ’¾,:floppy-disk:
1030,U+1F4BF,ğŸ’¿,:optical-disk:
1031,U+1F4C0,ğŸ“€,:dvd:
1032,U+1F9EE,ğŸ§®,:abacus:
1033,U+1F3A5,ğŸ¥,:movie-camera:
1034,U+1F39E,ğŸ,:film-frames:
1035,U+1F4FD,ğŸ“½,:film-projector:
1036,U+1F3AC,ğŸ¬,:clapper-board:
1037,U+1F4FA,ğŸ“º,:television:
1038,U+1F4F7,ğŸ“·,:camera:
1039,U+1F4F8,ğŸ“¸,:camera-with-flash:
1040,U+1F4F9,ğŸ“¹,:video-camera:
1041,U+1F4FC,ğŸ“¼,:videocassette:
1042,U+1F50D,ğŸ”,:magnifying-glass-tilted-left:
1043,U+1F50E,ğŸ”,:magnifying-glass-tilted-right:
1044,U+1F56F,ğŸ•¯,:candle:
1045,U+1F4A1,ğŸ’¡,:light-bulb:
1046,U+1F526,ğŸ”¦,:flashlight:
1047,U+1F3EE,ğŸ®,:red-paper-lantern:
1048,U+1F4D4,ğŸ“”,:notebook-with-decorative-cover:
1049,U+1F4D5,ğŸ“•,:closed-book:
1050,U+1F4D6,ğŸ“–,:open-book:
1051,U+1F4D7,ğŸ“—,:green-book:
1052,U+1F4D8,ğŸ“˜,:blue-book:
1053,U+1F4D9,ğŸ“™,:orange-book:
1054,U+1F4DA,ğŸ“š,:books:
1055,U+1F4D3,ğŸ““,:notebook:
1056,U+1F4D2,ğŸ“’,:ledger:
1057,U+1F4C3,ğŸ“ƒ,:page-with-curl:
1058,U+1F4DC,ğŸ“œ,:scroll:
1059,U+1F4C4,ğŸ“„,:page-facing-up:
1060,U+1F4F0,ğŸ“°,:newspaper:
1061,U+1F5DE,ğŸ—,:rolled-up-newspaper:
1062,U+1F4D1,ğŸ“‘,:bookmark-tabs:
1063,U+1F516,ğŸ”–,:bookmark:
1064,U+1F3F7,ğŸ·,:label:
1065,U+1F4B0,ğŸ’°,:money-bag:
1066,U+1F4B4,ğŸ’´,:yen-banknote:
1067,U+1F4B5,ğŸ’µ,:dollar-banknote:
1068,U+1F4B6,ğŸ’¶,:euro-banknote:
1069,U+1F4B7,ğŸ’·,:pound-banknote:
1070,U+1F4B8,ğŸ’¸,:money-with-wings:
1071,U+1F4B3,ğŸ’³,:credit-card:
1072,U+1F9FE,ğŸ§¾,:receipt:
1073,U+1F4B9,ğŸ’¹,:chart-increasing-with-yen:
1074,U+1F4B1,ğŸ’±,:currency-exchange:
1075,U+1F4B2,ğŸ’²,:heavy-dollar-sign:
1076,U+2709,âœ‰,:envelope:
1077,U+1F4E7,ğŸ“§,:e-mail:
1078,U+1F4E8,ğŸ“¨,:incoming-envelope:
1079,U+1F4E9,ğŸ“©,:envelope-with-arrow:
1080,U+1F4E4,ğŸ“¤,:outbox-tray:
1081,U+1F4E5,ğŸ“¥,:inbox-tray:
1082,U+1F4E6,ğŸ“¦,:package:
1083,U+1F4EB,ğŸ“«,:closed-mailbox-with-raised-flag:
1084,U+1F4EA,ğŸ“ª,:closed-mailbox-with-lowered-flag:
1085,U+1F4EC,ğŸ“¬,:open-mailbox-with-raised-flag:
1086,U+1F4ED,ğŸ“­,:open-mailbox-with-lowered-flag:
1087,U+1F4EE,ğŸ“®,:postbox:
1088,U+1F5F3,ğŸ—³,:ballot-box-with-ballot:
1089,U+270F,âœ,:pencil:
1090,U+2712,âœ’,:black-nib:
1091,U+1F58B,ğŸ–‹,:fountain-pen:
1092,U+1F58A,ğŸ–Š,:pen:
1093,U+1F58C,ğŸ–Œ,:paintbrush:
1094,U+1F58D,ğŸ–,:crayon:
1095,U+1F4DD,ğŸ“,:memo:
1096,U+1F4BC,ğŸ’¼,:briefcase:
1097,U+1F4C1,ğŸ“,:file-folder:
1098,U+1F4C2,ğŸ“‚,:open-file-folder:
1099,U+1F5C2,ğŸ—‚,:card-index-dividers:
1100,U+1F4C5,ğŸ“…,:calendar:
1101,U+1F4C6,ğŸ“†,:tear-off-calendar:
1102,U+1F5D2,ğŸ—’,:spiral-notepad:
1103,U+1F5D3,ğŸ—“,:spiral-calendar:
1104,U+1F4C7,ğŸ“‡,:card-index:
1105,U+1F4C8,ğŸ“ˆ,:chart-increasing:
1106,U+1F4C9,ğŸ“‰,:chart-decreasing:
1107,U+1F4CA,ğŸ“Š,:bar-chart:
1108,U+1F4CB,ğŸ“‹,:clipboard:
1109,U+1F4CC,ğŸ“Œ,:pushpin:
1110,U+1F4CD,ğŸ“,:round-pushpin:
1111,U+1F4CE,ğŸ“,:paperclip:
1112,U+1F587,ğŸ–‡,:linked-paperclips:
1113,U+1F4CF,ğŸ“,:straight-ruler:
1114,U+1F4D0,ğŸ“,:triangular-ruler:
1115,U+2702,âœ‚,:scissors:
1116,U+1F5C3,ğŸ—ƒ,:card-file-box:
1117,U+1F5C4,ğŸ—„,:file-cabinet:
1118,U+1F5D1,ğŸ—‘,:wastebasket:
1119,U+1F512,ğŸ”’,:locked:
1120,U+1F513,ğŸ”“,:unlocked:
1121,U+1F50F,ğŸ”,:locked-with-pen:
1122,U+1F510,ğŸ”,:locked-with-key:
1123,U+1F511,ğŸ”‘,:key:
1124,U+1F5DD,ğŸ—,:old-key:
1125,U+1F528,ğŸ”¨,:hammer:
1126,U+26CF,â›,:pick:
1127,U+2692,âš’,:hammer-and-pick:
1128,U+1F6E0,ğŸ› ,:hammer-and-wrench:
1129,U+1F5E1,ğŸ—¡,:dagger:
1130,U+2694,âš”,:crossed-swords:
1131,U+1F52B,ğŸ”«,:pistol:
1132,U+1F3F9,ğŸ¹,:bow-and-arrow:
1133,U+1F6E1,ğŸ›¡,:shield:
1134,U+1F527,ğŸ”§,:wrench:
1135,U+1F529,ğŸ”©,:nut-and-bolt:
1136,U+2699,âš™,:gear:
1137,U+1F5DC,ğŸ—œ,:clamp:
1138,U+2696,âš–,:balance-scale:
1139,U+1F517,ğŸ”—,:link:
1140,U+26D3,â›“,:chains:
1141,U+1F9F0,ğŸ§°,:toolbox:
1142,U+1F9F2,ğŸ§²,:magnet:
1143,U+2697,âš—,:alembic:
1144,U+1F9EA,ğŸ§ª,:test-tube:
1145,U+1F9EB,ğŸ§«,:petri-dish:
1146,U+1F9EC,ğŸ§¬,:dna:
1147,U+1F52C,ğŸ”¬,:microscope:
1148,U+1F52D,ğŸ”­,:telescope:
1149,U+1F4E1,ğŸ“¡,:satellite-antenna:
1150,U+1F489,ğŸ’‰,:syringe:
1151,U+1F48A,ğŸ’Š,:pill:
1152,U+1F6AA,ğŸšª,:door:
1153,U+1F6CF,ğŸ›,:bed:
1154,U+1F6CB,ğŸ›‹,:couch-and-lamp:
1155,U+1F6BD,ğŸš½,:toilet:
1156,U+1F6BF,ğŸš¿,:shower:
1157,U+1F6C1,ğŸ›,:bathtub:
1158,U+1F9F4,ğŸ§´,:lotion-bottle:
1159,U+1F9F7,ğŸ§·,:safety-pin:
1160,U+1F9F9,ğŸ§¹,:broom:
1161,U+1F9FA,ğŸ§º,:basket:
1162,U+1F9FB,ğŸ§»,:roll-of-paper:
1163,U+1F9FC,ğŸ§¼,:soap:
1164,U+1F9FD,ğŸ§½,:sponge:
1165,U+1F9EF,ğŸ§¯,:fire-extinguisher:
1166,U+1F6D2,ğŸ›’,:shopping-cart:
1167,U+1F6AC,ğŸš¬,:cigarette:
1168,U+26B0,âš°,:coffin:
1169,U+26B1,âš±,:funeral-urn:
1170,U+1F5FF,ğŸ—¿,:moai:
1171,U+1F3E7,ğŸ§,:ATM-sign:
1172,U+1F6AE,ğŸš®,:litter-in-bin-sign:
1173,U+1F6B0,ğŸš°,:potable-water:
1174,U+267F,â™¿,:wheelchair-symbol:
1175,U+1F6B9,ğŸš¹,:menâ€™s-room:
1176,U+1F6BA,ğŸšº,:womenâ€™s-room:
1177,U+1F6BB,ğŸš»,:restroom:
1178,U+1F6BC,ğŸš¼,:baby-symbol:
1179,U+1F6BE,ğŸš¾,:water-closet:
1180,U+1F6C2,ğŸ›‚,:passport-control:
1181,U+1F6C3,ğŸ›ƒ,:customs:
1182,U+1F6C4,ğŸ›„,:baggage-claim:
1183,U+1F6C5,ğŸ›…,:left-luggage:
1184,U+26A0,âš ,:warning:
1185,U+1F6B8,ğŸš¸,:children-crossing:
1186,U+26D4,â›”,:no-entry:
1187,U+1F6AB,ğŸš«,:prohibited:
1188,U+1F6B3,ğŸš³,:no-bicycles:
1189,U+1F6AD,ğŸš­,:no-smoking:
1190,U+1F6AF,ğŸš¯,:no-littering:
1191,U+1F6B1,ğŸš±,:non-potable-water:
1192,U+1F6B7,ğŸš·,:no-pedestrians:
1193,U+1F4F5,ğŸ“µ,:no-mobile-phones:
1194,U+1F51E,ğŸ”,:no-one-under-eighteen:
1195,U+2622,â˜¢,:radioactive:
1196,U+2623,â˜£,:biohazard:
1197,U+2B06,â¬†,:up-arrow:
1198,U+2197,â†—,:up-right-arrow:
1199,U+27A1,â¡,:right-arrow:
1200,U+2198,â†˜,:down-right-arrow:
1201,U+2B07,â¬‡,:down-arrow:
1202,U+2199,â†™,:down-left-arrow:
1203,U+2B05,â¬…,:left-arrow:
1204,U+2196,â†–,:up-left-arrow:
1205,U+2195,â†•,:up-down-arrow:
1206,U+2194,â†”,:left-right-arrow:
1207,U+21A9,â†©,:right-arrow-curving-left:
1208,U+21AA,â†ª,:left-arrow-curving-right:
1209,U+2934,â¤´,:right-arrow-curving-up:
1210,U+2935,â¤µ,:right-arrow-curving-down:
1211,U+1F503,ğŸ”ƒ,:clockwise-vertical-arrows:
1212,U+1F504,ğŸ”„,:counterclockwise-arrows-button:
1213,U+1F519,ğŸ”™,:BACK-arrow:
1214,U+1F51A,ğŸ”š,:END-arrow:
1215,U+1F51B,ğŸ”›,:ON!-arrow:
1216,U+1F51C,ğŸ”œ,:SOON-arrow:
1217,U+1F51D,ğŸ”,:TOP-arrow:
1218,U+1F6D0,ğŸ›,:place-of-worship:
1219,U+269B,âš›,:atom-symbol:
1220,U+1F549,ğŸ•‰,:om:
1221,U+2721,âœ¡,:star-of-David:
1222,U+2638,â˜¸,:wheel-of-dharma:
1223,U+262F,â˜¯,:yin-yang:
1224,U+271D,âœ,:latin-cross:
1225,U+2626,â˜¦,:orthodox-cross:
1226,U+262A,â˜ª,:star-and-crescent:
1227,U+262E,â˜®,:peace-symbol:
1228,U+1F54E,ğŸ•,:menorah:
1229,U+1F52F,ğŸ”¯,:dotted-six-pointed-star:
1230,U+2648,â™ˆ,:Aries:
1231,U+2649,â™‰,:Taurus:
1232,U+264A,â™Š,:Gemini:
1233,U+264B,â™‹,:Cancer:
1234,U+264C,â™Œ,:Leo:
1235,U+264D,â™,:Virgo:
1236,U+264E,â™,:Libra:
1237,U+264F,â™,:Scorpio:
1238,U+2650,â™,:Sagittarius:
1239,U+2651,â™‘,:Capricorn:
1240,U+2652,â™’,:Aquarius:
1241,U+2653,â™“,:Pisces:
1242,U+26CE,â›,:Ophiuchus:
1243,U+1F500,ğŸ”€,:shuffle-tracks-button:
1244,U+1F501,ğŸ”,:repeat-button:
1245,U+1F502,ğŸ”‚,:repeat-single-button:
1246,U+25B6,â–¶,:play-button:
1247,U+23E9,â©,:fast-forward-button:
1248,U+23ED,â­,:next-track-button:
1249,U+23EF,â¯,:play-or-pause-button:
1250,U+25C0,â—€,:reverse-button:
1251,U+23EA,âª,:fast-reverse-button:
1252,U+23EE,â®,:last-track-button:
1253,U+1F53C,ğŸ”¼,:upwards-button:
1254,U+23EB,â«,:fast-up-button:
1255,U+1F53D,ğŸ”½,:downwards-button:
1256,U+23EC,â¬,:fast-down-button:
1257,U+23F8,â¸,:pause-button:
1258,U+23F9,â¹,:stop-button:
1259,U+23FA,âº,:record-button:
1260,U+23CF,â,:eject-button:
1261,U+1F3A6,ğŸ¦,:cinema:
1262,U+1F505,ğŸ”…,:dim-button:
1263,U+1F506,ğŸ”†,:bright-button:
1264,U+1F4F6,ğŸ“¶,:antenna-bars:
1265,U+1F4F3,ğŸ“³,:vibration-mode:
1266,U+1F4F4,ğŸ“´,:mobile-phone-off:
1267,U+2640,â™€,:female-sign:
1268,U+2642,â™‚,:male-sign:
1269,U+2695,âš•,:medical-symbol:
1270,U+267E,â™¾,:infinity:
1271,U+267B,â™»,:recycling-symbol:
1272,U+269C,âšœ,:fleur-de-lis:
1273,U+1F531,ğŸ”±,:trident-emblem:
1274,U+1F4DB,ğŸ“›,:name-badge:
1275,U+1F530,ğŸ”°,:Japanese-symbol-for-beginner:
1276,U+2B55,â­•,:heavy-large-circle:
1277,U+2705,âœ…,:white-heavy-check-mark:
1278,U+2611,â˜‘,:ballot-box-with-check:
1279,U+2714,âœ”,:heavy-check-mark:
1280,U+2716,âœ–,:heavy-multiplication-x:
1281,U+274C,âŒ,:cross-mark:
1282,U+274E,â,:cross-mark-button:
1283,U+2795,â•,:heavy-plus-sign:
1284,U+2796,â–,:heavy-minus-sign:
1285,U+2797,â—,:heavy-division-sign:
1286,U+27B0,â°,:curly-loop:
1287,U+27BF,â¿,:double-curly-loop:
1288,U+303D,ã€½,:part-alternation-mark:
1289,U+2733,âœ³,:eight-spoked-asterisk:
1290,U+2734,âœ´,:eight-pointed-star:
1291,U+2747,â‡,:sparkle:
1292,U+203C,â€¼,:double-exclamation-mark:
1293,U+2049,â‰,:exclamation-question-mark:
1294,U+2753,â“,:question-mark:
1295,U+2754,â”,:white-question-mark:
1296,U+2755,â•,:white-exclamation-mark:
1297,U+2757,â—,:exclamation-mark:
1298,U+3030,ã€°,:wavy-dash:
1299,U+00A9,Â©,:copyright:
1300,U+00AE,Â®,:registered:
1301,U+2122,â„¢,:trade-mark:
1302,U+0023 U+FE0F U+20E3,#ï¸âƒ£,:keycap;-#:
1303,U+002A U+FE0F U+20E3,*ï¸âƒ£,:keycap;-*:
1304,U+0030 U+FE0F U+20E3,0ï¸âƒ£,:keycap;-0:
1305,U+0031 U+FE0F U+20E3,1ï¸âƒ£,:keycap;-1:
1306,U+0032 U+FE0F U+20E3,2ï¸âƒ£,:keycap;-2:
1307,U+0033 U+FE0F U+20E3,3ï¸âƒ£,:keycap;-3:
1308,U+0034 U+FE0F U+20E3,4ï¸âƒ£,:keycap;-4:
1309,U+0035 U+FE0F U+20E3,5ï¸âƒ£,:keycap;-5:
1310,U+0036 U+FE0F U+20E3,6ï¸âƒ£,:keycap;-6:
1311,U+0037 U+FE0F U+20E3,7ï¸âƒ£,:keycap;-7:
1312,U+0038 U+FE0F U+20E3,8ï¸âƒ£,:keycap;-8:
1313,U+0039 U+FE0F U+20E3,9ï¸âƒ£,:keycap;-9:
1314,U+1F51F,ğŸ”Ÿ,:keycap;-10:
1315,U+1F4AF,ğŸ’¯,:hundred-points:
1316,U+1F520,ğŸ” ,:input-latin-uppercase:
1317,U+1F521,ğŸ”¡,:input-latin-lowercase:
1318,U+1F522,ğŸ”¢,:input-numbers:
1319,U+1F523,ğŸ”£,:input-symbols:
1320,U+1F524,ğŸ”¤,:input-latin-letters:
1321,U+1F170,ğŸ…°,:A-button-(blood-type):
1322,U+1F18E,ğŸ†,:AB-button-(blood-type):
1323,U+1F171,ğŸ…±,:B-button-(blood-type):
1324,U+1F191,ğŸ†‘,:CL-button:
1325,U+1F192,ğŸ†’,:COOL-button:
1326,U+1F193,ğŸ†“,:FREE-button:
1327,U+2139,â„¹,:information:
1328,U+1F194,ğŸ†”,:ID-button:
1329,U+24C2,â“‚,:circled-M:
1330,U+1F195,ğŸ†•,:NEW-button:
1331,U+1F196,ğŸ†–,:NG-button:
1332,U+1F17E,ğŸ…¾,:O-button-(blood-type):
1333,U+1F197,ğŸ†—,:OK-button:
1334,U+1F17F,ğŸ…¿,:P-button:
1335,U+1F198,ğŸ†˜,:SOS-button:
1336,U+1F199,ğŸ†™,:UP!-button:
1337,U+1F19A,ğŸ†š,:VS-button:
1338,U+1F201,ğŸˆ,:Japanese-â€œhereâ€-button:
1339,U+1F202,ğŸˆ‚,:Japanese-â€œservice-chargeâ€-button:
1340,U+1F237,ğŸˆ·,:Japanese-â€œmonthly-amountâ€-button:
1341,U+1F236,ğŸˆ¶,:Japanese-â€œnot-free-of-chargeâ€-button:
1342,U+1F22F,ğŸˆ¯,:Japanese-â€œreservedâ€-button:
1343,U+1F250,ğŸ‰,:Japanese-â€œbargainâ€-button:
1344,U+1F239,ğŸˆ¹,:Japanese-â€œdiscountâ€-button:
1345,U+1F21A,ğŸˆš,:Japanese-â€œfree-of-chargeâ€-button:
1346,U+1F232,ğŸˆ²,:Japanese-â€œprohibitedâ€-button:
1347,U+1F251,ğŸ‰‘,:Japanese-â€œacceptableâ€-button:
1348,U+1F238,ğŸˆ¸,:Japanese-â€œapplicationâ€-button:
1349,U+1F234,ğŸˆ´,:Japanese-â€œpassing-gradeâ€-button:
1350,U+1F233,ğŸˆ³,:Japanese-â€œvacancyâ€-button:
1351,U+3297,ãŠ—,:Japanese-â€œcongratulationsâ€-button:
1352,U+3299,ãŠ™,:Japanese-â€œsecretâ€-button:
1353,U+1F23A,ğŸˆº,:Japanese-â€œopen-for-businessâ€-button:
1354,U+1F235,ğŸˆµ,:Japanese-â€œno-vacancyâ€-button:
1355,U+1F534,ğŸ”´,:red-circle:
1356,U+1F535,ğŸ”µ,:blue-circle:
1357,U+26AA,âšª,:white-circle:
1358,U+26AB,âš«,:black-circle:
1359,U+2B1C,â¬œ,:white-large-square:
1360,U+2B1B,â¬›,:black-large-square:
1361,U+25FC,â—¼,:black-medium-square:
1362,U+25FB,â—»,:white-medium-square:
1363,U+25FD,â—½,:white-medium-small-square:
1364,U+25FE,â—¾,:black-medium-small-square:
1365,U+25AB,â–«,:white-small-square:
1366,U+25AA,â–ª,:black-small-square:
1367,U+1F536,ğŸ”¶,:large-orange-diamond:
1368,U+1F537,ğŸ”·,:large-blue-diamond:
1369,U+1F538,ğŸ”¸,:small-orange-diamond:
1370,U+1F539,ğŸ”¹,:small-blue-diamond:
1371,U+1F53A,ğŸ”º,:red-triangle-pointed-up:
1372,U+1F53B,ğŸ”»,:red-triangle-pointed-down:
1373,U+1F4A0,ğŸ’ ,:diamond-with-a-dot:
1374,U+1F518,ğŸ”˜,:radio-button:
1375,U+1F532,ğŸ”²,:black-square-button:
1376,U+1F533,ğŸ”³,:white-square-button:
1377,U+1F3C1,ğŸ,:chequered-flag:
1378,U+1F6A9,ğŸš©,:triangular-flag:
1379,U+1F38C,ğŸŒ,:crossed-flags:
1380,U+1F3F4,ğŸ´,:black-flag:
1381,U+1F3F3,ğŸ³,:white-flag:
1382,U+1F3F3 U+FE0F U+200D U+1F308,ğŸ³ï¸â€ğŸŒˆ,:rainbow-flag:
1383,U+1F3F4 U+200D U+2620 U+FE0F,ğŸ´â€â˜ ï¸,:pirate-flag:
